PTPK,EmpIDFK,FirstName,LastName,Gender,DateofJoining,CurrentRegion,NewRegion
1,850297,Shawna,Buck,F,2010-12-18,DefaultRegion,DC
2,621375,Briana,Lancaster,F,2003-02-25,DefaultRegion,DC
3,795934,Melinda,Lopez,F,2005-11-22,DefaultRegion,DC
4,159108,Shanna,Silva,F,1999-10-23,DefaultRegion,DC
5,330816,Jasmine,Freeman,F,1983-02-01,DefaultRegion,DC
6,532002,Madge,Sargent,F,2006-04-13,DefaultRegion,DC
7,612850,Bethany,Cline,F,2008-04-19,DefaultRegion,DC
8,369712,Yesenia,Guerrero,F,1994-03-03,DefaultRegion,DC
9,308617,Aileen,Blanchard,F,2009-07-18,DefaultRegion,DC
10,513011,Tara,Forbes,F,2009-09-24,DefaultRegion,DC
11,290808,Josef,Griffin,M,1998-02-25,DefaultRegion,Capitol
12,253588,Keri,Slater,F,1994-08-09,DefaultRegion,DC
13,583924,Adrienne,Puckett,F,1997-02-22,DefaultRegion,DC
14,932453,Beatriz,Knowles,F,2011-09-16,DefaultRegion,DC
15,721098,Isabel,Espinoza,F,1993-10-14,DefaultRegion,DC
16,880704,Benjamin,Jennings,M,2001-06-10,DefaultRegion,Capitol
17,350367,Rudolph,Gordon,M,2001-11-12,DefaultRegion,Capitol
18,893976,Beverly,Rosales,F,2005-04-24,DefaultRegion,DC
19,297741,Lynn,Pena,F,1996-11-08,DefaultRegion,DC
20,458320,Tessa,Pace,F,2012-12-29,DefaultRegion,DC
21,874971,Roman,Clark,M,1985-01-08,DefaultRegion,Capitol
22,136626,Carmela,Jefferson,F,2003-02-27,DefaultRegion,DC
23,601071,Liz,Frank,F,2009-02-14,DefaultRegion,DC
24,269523,Kendra,Villarreal,F,2007-03-30,DefaultRegion,DC
25,323914,German,Carney,M,2000-05-14,DefaultRegion,Capitol
26,238992,Carlo,Albert,M,1996-12-26,DefaultRegion,Capitol
27,434046,Bianca,Langley,F,1994-04-14,DefaultRegion,DC
28,602683,Alberta,Chapman,F,1999-06-29,DefaultRegion,DC
29,168824,Tanner,Caldwell,M,1999-06-06,DefaultRegion,Capitol
30,798646,Patsy,Koch,F,2010-03-09,DefaultRegion,DC
31,769123,Brenton,Matthews,M,1994-12-27,DefaultRegion,Capitol
32,929791,Esperanza,Paul,F,1990-03-14,DefaultRegion,DC
33,141326,Patricia,Briggs,F,2000-05-05,DefaultRegion,DC
34,232794,Forrest,Noel,M,1999-04-05,DefaultRegion,Capitol
35,946835,Marjorie,Wells,F,2005-12-02,DefaultRegion,DC
36,894936,Vivian,Burnett,F,2001-09-06,DefaultRegion,DC
37,946630,Duncan,Chen,M,2000-11-02,DefaultRegion,Capitol
38,169763,Benjamin,Macdonald,M,1999-04-20,DefaultRegion,Capitol
39,185077,Nichole,Oneil,F,2008-03-24,DefaultRegion,DC
40,264960,Brent,Bryant,M,1985-12-30,DefaultRegion,Capitol
41,248449,Carlene,Cain,F,2007-06-25,DefaultRegion,DC
42,906870,Arnulfo,Pittman,M,2002-05-11,DefaultRegion,Capitol
43,212917,Raymundo,Kramer,M,2002-07-01,DefaultRegion,Capitol
44,970502,Nora,Hansen,F,2004-06-01,DefaultRegion,DC
45,266284,Dominic,Henson,M,2003-02-06,DefaultRegion,Capitol
46,166615,Jayne,Coleman,F,2010-11-27,DefaultRegion,DC
47,114425,Doris,Glenn,F,2002-09-02,DefaultRegion,DC
48,676618,Tabatha,Gonzales,F,2009-08-07,DefaultRegion,DC
49,158543,Greg,Kane,M,1992-05-21,DefaultRegion,Capitol
50,275491,Julian,Russo,M,1988-01-27,DefaultRegion,Capitol
51,257927,Agnes,Herman,F,1998-01-04,DefaultRegion,DC
52,144114,Nancy,Gillespie,F,2011-02-03,DefaultRegion,DC
53,262843,Tyrone,Soto,M,2002-10-26,DefaultRegion,Capitol
54,963676,Bradley,Chan,M,2002-12-02,DefaultRegion,Capitol
55,593953,Tara,Gutierrez,F,1995-08-17,DefaultRegion,DC
56,825343,Eileen,Hobbs,F,1994-08-01,DefaultRegion,DC
57,155570,Colin,Wilson,M,2002-04-15,DefaultRegion,Capitol
58,587361,Rosario,Trevino,F,2001-06-30,DefaultRegion,DC
59,430843,Karina,Owens,F,1984-06-30,DefaultRegion,DC
60,398788,Alexandria,Long,F,2010-11-16,DefaultRegion,DC
61,166790,Margaret,Reilly,F,1995-01-08,DefaultRegion,DC
62,178602,Kristina,Mcgowan,F,2007-05-11,DefaultRegion,DC
63,817037,Martin,Buchanan,M,2001-07-14,DefaultRegion,Capitol
64,924281,Reynaldo,Sosa,M,1989-05-03,DefaultRegion,Capitol
65,951857,Sherri,Snyder,F,2013-08-21,DefaultRegion,DC
66,141086,Bernardo,Mcdowell,M,2003-04-24,DefaultRegion,Capitol
67,421955,Sonia,Cook,F,2012-12-25,DefaultRegion,DC
68,701223,Esmeralda,Grant,F,2013-01-24,DefaultRegion,DC
69,461385,Emma,Obrien,F,2012-12-02,DefaultRegion,DC
70,842752,Tommie,Sanchez,F,1997-09-25,DefaultRegion,DC
71,747200,Janelle,Gill,F,1999-07-13,DefaultRegion,DC
72,962851,Kathie,Kirby,F,2011-07-30,DefaultRegion,DC
73,168829,Antonia,Kinney,F,2006-05-26,DefaultRegion,DC
74,224473,Adriana,Mcfarland,F,2000-01-10,DefaultRegion,DC
75,552582,Jana,Weiss,F,2000-06-03,DefaultRegion,DC
76,491595,Ian,Alvarado,M,1998-12-27,DefaultRegion,Capitol
77,821474,Jasper,Lucas,M,2003-02-12,DefaultRegion,Capitol
78,206783,Brock,Roberts,M,1991-01-08,DefaultRegion,Capitol
79,870463,Salvador,Deleon,M,1995-02-21,DefaultRegion,Capitol
80,924427,Dario,Townsend,M,1994-01-27,DefaultRegion,Capitol
81,505780,Ester,Houston,F,2007-07-01,DefaultRegion,DC
82,149904,Leanne,Mcmahon,F,1985-05-08,DefaultRegion,DC
83,886315,Valentin,Montoya,M,1997-01-05,DefaultRegion,Capitol
84,780963,Jami,Cantrell,F,2007-04-20,DefaultRegion,DC
85,175035,Ava,Romero,F,2004-09-14,DefaultRegion,DC
86,608832,Sabrina,Fowler,F,2006-07-17,DefaultRegion,DC
87,354363,Tabatha,Arnold,F,2004-12-01,DefaultRegion,DC
88,344607,Gregg,Mann,M,1998-07-09,DefaultRegion,Capitol
89,191963,Deanne,Mccarty,F,2012-07-03,DefaultRegion,DC
90,695631,Juanita,Zimmerman,F,2010-11-18,DefaultRegion,DC
91,144235,Kris,Conner,M,1998-09-20,DefaultRegion,Capitol
92,866051,Leann,Ortiz,F,2011-04-08,DefaultRegion,DC
93,625981,Jay,Sanders,M,1987-12-29,DefaultRegion,Capitol
94,232661,Luz,Brown,F,1987-05-18,DefaultRegion,DC
95,412201,Dina,Jones,F,2013-07-26,DefaultRegion,DC
96,158689,Lucile,Fleming,F,2006-12-09,DefaultRegion,DC
97,620634,Janna,Hopkins,F,2011-12-21,DefaultRegion,DC
98,130591,Kendrick,Miles,M,1991-01-25,DefaultRegion,Capitol
99,431841,Taylor,Barlow,F,1987-04-18,DefaultRegion,DC
100,702034,Mitzi,Lynch,F,2005-03-17,DefaultRegion,DC
101,835545,Janie,Velasquez,F,1983-05-14,DefaultRegion,DC
102,326407,Sophie,Bass,F,2011-10-13,DefaultRegion,DC
103,414967,Bette,Kane,F,2004-06-13,DefaultRegion,DC
104,410300,Dena,Blake,F,2011-02-24,DefaultRegion,DC
105,297502,Angelina,Lynn,F,2007-03-08,DefaultRegion,DC
106,856369,Dominick,Robbins,M,2001-10-21,DefaultRegion,Capitol
107,219020,Lana,Spence,F,2009-06-21,DefaultRegion,DC
108,934285,Jeremy,English,M,1996-10-20,DefaultRegion,Capitol
109,363951,Frances,Stafford,F,1987-07-25,DefaultRegion,DC
110,287114,Joanna,Perkins,F,1992-09-09,DefaultRegion,DC
111,811489,Susanna,Huff,F,2011-05-04,DefaultRegion,DC
112,162573,Ola,Thompson,F,2003-08-19,DefaultRegion,DC
113,836699,Louella,Wolfe,F,2001-05-21,DefaultRegion,DC
114,798859,Deirdre,Travis,F,1998-07-15,DefaultRegion,DC
115,458765,Kristina,Ware,F,2006-10-18,DefaultRegion,DC
116,562109,Stacy,Dixon,M,1995-11-30,DefaultRegion,Capitol
117,559421,Reba,Potts,F,2011-07-07,DefaultRegion,DC
118,959306,Shana,Gould,F,2000-08-17,DefaultRegion,DC
119,532285,Leann,Melendez,F,2007-12-17,DefaultRegion,DC
120,339483,Scott,Carrillo,M,1991-08-06,DefaultRegion,Capitol
121,155956,Sterling,Hooper,M,2003-08-18,DefaultRegion,Capitol
122,981925,Ebony,Eaton,F,1999-10-26,DefaultRegion,DC
123,556573,Aisha,Gentry,F,1991-07-10,DefaultRegion,DC
124,159472,Moses,Reid,M,1999-08-14,DefaultRegion,Capitol
125,182719,Tammy,Vincent,F,2007-11-19,DefaultRegion,DC
126,305556,Federico,Wilson,M,2000-04-13,DefaultRegion,Capitol
127,740281,Lorna,Henson,F,2011-10-23,DefaultRegion,DC
128,790008,Luann,Crane,F,2010-07-15,DefaultRegion,DC
129,825433,Tara,Goodwin,F,2007-11-24,DefaultRegion,DC
130,941759,Shaun,Evans,M,1990-06-13,DefaultRegion,Capitol
131,313864,Debbie,Velez,F,1996-09-29,DefaultRegion,DC
132,463743,Guy,Gilbert,M,1988-07-17,DefaultRegion,Capitol
133,238361,Derrick,Vaughn,M,1990-05-06,DefaultRegion,Capitol
134,596366,Maura,Cherry,F,1996-04-05,DefaultRegion,DC
135,434723,Melanie,Zimmerman,F,1999-01-12,DefaultRegion,DC
136,638943,Buford,Hobbs,M,2000-03-15,DefaultRegion,Capitol
137,750581,Jocelyn,Rojas,F,2009-10-17,DefaultRegion,DC
138,870904,Maxine,Moran,F,2009-03-25,DefaultRegion,DC
139,926224,Kathleen,Middleton,F,2009-05-20,DefaultRegion,DC
140,768943,Connie,Shaffer,F,1999-10-15,DefaultRegion,DC
141,591698,Bobbie,Singleton,F,2011-01-01,DefaultRegion,DC
142,476635,Victoria,Howe,F,1995-09-01,DefaultRegion,DC
143,308125,Flossie,Mcpherson,F,1996-03-18,DefaultRegion,DC
144,555551,Nona,Buck,F,2010-11-08,DefaultRegion,DC
145,423008,Inez,Kane,F,2009-09-11,DefaultRegion,DC
146,307715,Fred,Woodward,M,2003-04-04,DefaultRegion,Capitol
147,149844,Berta,Irwin,F,2012-06-02,DefaultRegion,DC
148,116530,Noelle,Paul,F,1988-11-19,DefaultRegion,DC
149,234429,Chrystal,Swanson,F,2007-04-27,DefaultRegion,DC
150,766745,Joanne,Melton,F,2006-03-30,DefaultRegion,DC
151,635915,Herminia,Morin,F,1989-06-25,DefaultRegion,DC
152,397164,Silvia,Huff,F,2009-01-28,DefaultRegion,DC
153,488068,Margo,Hoffman,F,2009-12-21,DefaultRegion,DC
154,890432,Kimberly,Summers,F,2006-04-30,DefaultRegion,DC
155,541867,Lorrie,Leblanc,F,1993-02-13,DefaultRegion,DC
156,204626,Sterling,Patel,M,2001-11-11,DefaultRegion,Capitol
157,830006,Enid,Pearson,F,2006-04-24,DefaultRegion,DC
158,127205,Annmarie,Frye,F,2013-07-14,DefaultRegion,DC
159,215589,Molly,Roach,F,2005-10-01,DefaultRegion,DC
160,798043,Claudette,Walter,F,2012-08-04,DefaultRegion,DC
161,811092,Tracie,Delaney,F,2011-05-19,DefaultRegion,DC
162,288820,Eric,Mccullough,M,1997-03-20,DefaultRegion,Capitol
163,138351,Nestor,Carney,M,1996-12-04,DefaultRegion,Capitol
164,130501,Mitzi,Mueller,F,2010-04-10,DefaultRegion,DC
165,282678,Marci,Alvarado,F,2007-09-02,DefaultRegion,DC
166,241302,Monty,Lancaster,M,1985-08-07,DefaultRegion,Capitol
167,924304,Elvira,Byrd,F,2011-04-19,DefaultRegion,DC
168,443072,Rosendo,Rasmussen,M,2001-04-29,DefaultRegion,Capitol
169,280781,Ollie,William,F,2007-09-14,DefaultRegion,DC
170,940754,Nadine,Blanchard,F,2001-10-29,DefaultRegion,DC
171,928723,Angela,Compton,F,2008-12-01,DefaultRegion,DC
172,449164,Lillian,Gill,F,2000-04-09,DefaultRegion,DC
173,915993,William,Morrison,M,2001-10-02,DefaultRegion,Capitol
174,836259,Vance,Osborne,M,2001-06-30,DefaultRegion,Capitol
175,520719,Edmund,Salas,M,1989-08-16,DefaultRegion,Capitol
176,409341,Imogene,Sanders,F,2012-10-15,DefaultRegion,DC
177,242740,Olive,Livingston,F,2002-09-16,DefaultRegion,DC
178,239010,Fred,Hayes,M,2001-03-30,DefaultRegion,Capitol
179,657908,Joyce,Hooper,F,2002-07-14,DefaultRegion,DC
180,176214,Josephine,Pitts,F,2008-08-30,DefaultRegion,DC
181,810984,Marissa,Caldwell,F,2000-10-25,DefaultRegion,DC
182,896022,Lavern,Gardner,M,1998-02-27,DefaultRegion,Capitol
183,162773,Evangeline,Mejia,F,2010-01-31,DefaultRegion,DC
184,408036,Brandy,Carr,F,2008-09-21,DefaultRegion,DC
185,591248,Molly,Manning,F,2004-06-30,DefaultRegion,DC
186,562393,Gale,Perez,M,1994-04-10,DefaultRegion,Capitol
187,645393,Nelson,Mooney,M,1995-07-01,DefaultRegion,Capitol
188,747647,Trisha,Mueller,F,2006-09-28,DefaultRegion,DC
189,846178,Lilia,Collins,F,2004-02-04,DefaultRegion,DC
190,754091,Kimberly,Cantu,F,2002-10-04,DefaultRegion,DC
191,143029,Danny,Robbins,M,1999-02-13,DefaultRegion,Capitol
192,923271,Wilfredo,Richards,M,1985-10-26,DefaultRegion,Capitol
193,621988,Callie,Snider,F,2012-06-25,DefaultRegion,DC
194,240842,Rachelle,Reed,F,2010-04-14,DefaultRegion,DC
195,456842,Kris,Richards,F,2011-04-14,DefaultRegion,DC
196,276700,Marissa,Meyer,F,1995-02-28,DefaultRegion,DC
197,510431,Jamar,Reese,M,1999-03-26,DefaultRegion,Capitol
198,423508,Carolina,Bruce,F,2007-04-22,DefaultRegion,DC
199,399486,Terri,Phelps,F,1998-12-16,DefaultRegion,DC
200,855670,Adrian,Robles,F,1982-10-14,DefaultRegion,DC
201,328740,Leonardo,Bird,M,1997-05-26,DefaultRegion,Capitol
202,518193,Amanda,Carr,F,2009-11-27,DefaultRegion,DC
203,854365,Kelly,Spence,F,1997-04-03,DefaultRegion,DC
204,233110,Tracie,Estes,F,2012-04-17,DefaultRegion,DC
205,606109,Enrique,Adams,M,2001-08-18,DefaultRegion,Capitol
206,414129,Ernie,Aguilar,M,2001-01-17,DefaultRegion,Capitol
207,286890,Carolyn,Donaldson,F,2005-03-01,DefaultRegion,DC
208,944811,Margie,Deleon,F,2005-08-28,DefaultRegion,DC
209,975770,Keven,Collins,M,1995-10-01,DefaultRegion,Capitol
210,565658,Kristen,Lott,F,2011-03-20,DefaultRegion,DC
211,452230,Darnell,Spencer,M,1999-08-11,DefaultRegion,Capitol
212,930129,Janelle,William,F,2004-10-11,DefaultRegion,DC
213,909139,Eula,Atkinson,F,2012-02-16,DefaultRegion,DC
214,678436,Theresa,Bender,F,1982-02-27,DefaultRegion,DC
215,196011,Kimberley,Jacobson,F,2010-10-20,DefaultRegion,DC
216,666886,Angelita,Reyes,F,1987-01-30,DefaultRegion,DC
217,846144,Edna,Paul,F,1989-08-22,DefaultRegion,DC
218,665326,Dewayne,Sheppard,M,2003-05-21,DefaultRegion,Capitol
219,119399,Gale,Rodriquez,M,1995-05-23,DefaultRegion,Capitol
220,518154,Annmarie,Roth,F,2006-02-22,DefaultRegion,DC
221,339806,Chrystal,Pittman,F,2009-03-23,DefaultRegion,DC
222,991522,Thurman,Daniel,M,2001-11-18,DefaultRegion,Capitol
223,143864,Natalie,Marshall,F,2001-03-25,DefaultRegion,DC
224,272885,Rosanna,Chase,F,2011-12-22,DefaultRegion,DC
225,588553,Wilda,Rios,F,2010-06-03,DefaultRegion,DC
226,739367,Alyssa,Marquez,F,2012-07-07,DefaultRegion,DC
227,271247,Liz,Barry,F,2013-08-26,DefaultRegion,DC
228,778200,Mariano,Lloyd,M,1996-11-16,DefaultRegion,Capitol
229,338449,Forest,Moss,M,1994-05-13,DefaultRegion,Capitol
230,553362,Preston,Floyd,M,1992-05-05,DefaultRegion,Capitol
231,469392,Dana,Hill,F,1999-06-29,DefaultRegion,DC
232,755543,Tameka,Atkinson,F,2009-10-12,DefaultRegion,DC
233,817818,Augustus,Hines,M,1990-11-13,DefaultRegion,Capitol
234,205347,Frieda,Hebert,F,1985-06-11,DefaultRegion,DC
235,508019,Rachael,Newman,F,2001-07-11,DefaultRegion,DC
236,774862,Bernadine,Joseph,F,2006-03-03,DefaultRegion,DC
237,394200,Deanna,Mccoy,F,1995-06-27,DefaultRegion,DC
238,787931,Harrison,Ortega,M,1998-07-27,DefaultRegion,Capitol
239,547050,Dylan,Cantu,M,1998-12-25,DefaultRegion,Capitol
240,215473,Maryann,Vance,F,2010-06-08,DefaultRegion,DC
241,472119,Sonny,Morin,M,2001-11-15,DefaultRegion,Capitol
242,282137,Eduardo,Burnett,M,2002-02-27,DefaultRegion,Capitol
243,923329,Nettie,Preston,F,2003-09-15,DefaultRegion,DC
244,626693,Felicia,Gilmore,F,1996-02-26,DefaultRegion,DC
245,683325,Tyler,Mercado,M,1999-12-04,DefaultRegion,Capitol
246,486465,Arline,Campbell,F,2012-04-06,DefaultRegion,DC
247,213493,Margo,Daniels,F,2009-10-14,DefaultRegion,DC
248,384810,Myra,Franco,F,2012-03-25,DefaultRegion,DC
249,856418,Sallie,Huffman,F,2005-04-30,DefaultRegion,DC
250,415537,Shirley,Herrera,F,2010-02-28,DefaultRegion,DC
251,414557,Corey,Harrell,M,2003-05-16,DefaultRegion,Capitol
252,554345,Ofelia,Rivers,F,2000-07-14,DefaultRegion,DC
253,466860,Earline,Cherry,F,1997-04-04,DefaultRegion,DC
254,618554,Kitty,Mathis,F,1991-10-26,DefaultRegion,DC
255,535812,Lavonne,Carney,F,2009-05-02,DefaultRegion,DC
256,735598,Preston,Perez,M,1992-10-29,DefaultRegion,Capitol
257,968785,Noe,Clay,M,2002-08-11,DefaultRegion,Capitol
258,735499,Callie,Cohen,F,1996-10-19,DefaultRegion,DC
259,983480,Elliott,Marks,M,2000-01-05,DefaultRegion,Capitol
260,582100,Frances,May,M,2001-12-21,DefaultRegion,Capitol
261,611384,Nathaniel,Bates,M,2003-09-20,DefaultRegion,Capitol
262,993792,Colby,Holder,M,1999-01-06,DefaultRegion,Capitol
263,316999,Dee,Love,F,1993-07-02,DefaultRegion,DC
264,880526,Willie,Gibson,M,1999-08-01,DefaultRegion,Capitol
265,201612,Alison,Walsh,F,2010-08-20,DefaultRegion,DC
266,481137,Gena,Holman,F,2013-06-18,DefaultRegion,DC
267,191985,Tammy,Casey,F,2002-03-19,DefaultRegion,DC
268,244500,Shirley,Waller,F,1990-02-10,DefaultRegion,DC
269,335470,Amber,Mendoza,F,1994-09-05,DefaultRegion,DC
270,150036,Lourdes,Hull,F,1990-11-16,DefaultRegion,DC
271,251640,Kim,England,F,1995-06-25,DefaultRegion,DC
272,588702,Haley,Maddox,F,2004-06-25,DefaultRegion,DC
273,707453,Rory,Atkins,M,1995-03-19,DefaultRegion,Capitol
274,146790,Lou,Buckner,F,2010-11-29,DefaultRegion,DC
275,637843,Karla,Barrera,F,1993-05-12,DefaultRegion,DC
276,689587,Ava,Kane,F,2012-03-24,DefaultRegion,DC
277,126316,Roseann,Riley,F,2010-02-22,DefaultRegion,DC
278,848311,Flora,Decker,F,1995-06-22,DefaultRegion,DC
279,774548,Shannon,Parker,F,2011-02-13,DefaultRegion,DC
280,528969,Celina,Huffman,F,2002-09-15,DefaultRegion,DC
281,918148,Faye,Barrett,F,2008-11-14,DefaultRegion,DC
282,396091,Gena,Bradley,F,1999-10-06,DefaultRegion,DC
283,929548,Deidre,Barrett,F,2012-04-24,DefaultRegion,DC
284,211729,Effie,Santana,F,1993-08-02,DefaultRegion,DC
285,979873,Susan,Schwartz,F,2002-04-15,DefaultRegion,DC
286,446702,Richie,Downs,M,1992-10-02,DefaultRegion,Capitol
287,262702,Roberto,Hogan,M,2003-09-06,DefaultRegion,Capitol
288,422323,Wilma,Gray,F,2002-02-23,DefaultRegion,DC
289,733184,Mayra,Bowen,F,2011-05-20,DefaultRegion,DC
290,670526,Adrian,Dunlap,F,2013-08-26,DefaultRegion,DC
291,340599,Tad,Patrick,M,1998-11-24,DefaultRegion,Capitol
292,280326,Agustin,Gentry,M,1985-06-16,DefaultRegion,Capitol
293,196645,Eliza,Odonnell,F,2013-01-18,DefaultRegion,DC
294,694921,Pam,Stuart,F,1990-02-28,DefaultRegion,DC
295,375797,Tamara,Perez,F,2012-12-30,DefaultRegion,DC
296,160350,Bonita,Dixon,F,2003-10-24,DefaultRegion,DC
297,155916,Rosanne,Mendoza,F,1980-01-11,DefaultRegion,DC
298,502509,Genevieve,Finley,F,2003-05-18,DefaultRegion,DC
299,563580,Lamont,Albert,M,1995-08-20,DefaultRegion,Capitol
300,433698,Margie,Vincent,F,2006-12-22,DefaultRegion,DC
301,163351,Terrell,Sears,M,1997-10-31,DefaultRegion,Capitol
302,898816,Edna,Riddle,F,2007-10-21,DefaultRegion,DC
303,177982,Lorrie,Sears,F,1998-01-16,DefaultRegion,DC
304,222807,Janice,Berg,F,1981-11-06,DefaultRegion,DC
305,516945,Helene,Gallegos,F,2012-12-03,DefaultRegion,DC
306,133610,Teresa,Bowen,F,2009-12-24,DefaultRegion,DC
307,772354,Erika,Myers,F,2002-12-13,DefaultRegion,DC
308,679572,Felipe,Vance,M,1987-06-18,DefaultRegion,Capitol
309,821754,Kirsten,Wolf,F,1985-11-09,DefaultRegion,DC
310,751897,Mercedes,Glass,F,1988-08-24,DefaultRegion,DC
311,208375,Kenya,Merrill,F,2006-03-31,DefaultRegion,DC
312,317525,Shirley,Potter,F,2013-03-17,DefaultRegion,DC
313,993099,Ricky,Snider,M,1981-02-12,DefaultRegion,Capitol
314,437878,Melva,Payne,F,2000-03-13,DefaultRegion,DC
315,125134,Ellen,Bird,F,2002-07-07,DefaultRegion,DC
316,651597,Lydia,Lindsey,F,2001-09-28,DefaultRegion,DC
317,217117,Edna,Petersen,F,2000-07-07,DefaultRegion,DC
318,479754,Shannon,Singleton,F,1987-03-23,DefaultRegion,DC
319,844571,Rhea,Faulkner,F,1995-08-12,DefaultRegion,DC
320,335435,Frank,Larson,M,2001-12-11,DefaultRegion,Capitol
321,192292,Max,Barrera,M,1999-02-03,DefaultRegion,Capitol
322,530958,Lynne,Vinson,F,2012-04-25,DefaultRegion,DC
323,232194,Maude,Jackson,F,2012-07-29,DefaultRegion,DC
324,888196,Kathryn,Sargent,F,2010-03-05,DefaultRegion,DC
325,775434,Tanisha,Lester,F,2001-12-07,DefaultRegion,DC
326,860093,Kitty,Clay,F,2003-01-24,DefaultRegion,DC
327,476072,Kent,Jackson,M,1996-02-21,DefaultRegion,Capitol
328,221262,Felecia,Sparks,F,2007-10-08,DefaultRegion,DC
329,771945,Rickie,Gilmore,M,1999-10-19,DefaultRegion,Capitol
330,657125,Michael,West,F,1999-12-07,DefaultRegion,DC
331,651738,Rick,Sawyer,M,1993-01-27,DefaultRegion,Capitol
332,697802,Beryl,Nelson,F,2010-07-17,DefaultRegion,DC
333,842936,Bernice,Conrad,F,2002-08-02,DefaultRegion,DC
334,696218,Anita,Pratt,F,2001-01-21,DefaultRegion,DC
335,161109,Kareem,Fuentes,M,2001-10-21,DefaultRegion,Capitol
336,368041,Tamika,Rosa,F,2009-10-25,DefaultRegion,DC
337,188409,Pearlie,Bryant,F,2008-12-31,DefaultRegion,DC
338,206997,Donovan,Russo,M,2000-04-26,DefaultRegion,Capitol
339,963113,Lacy,Rowe,F,1997-10-08,DefaultRegion,DC
340,291577,Rosemary,Vaughn,F,2012-01-24,DefaultRegion,DC
341,358556,Grace,Dejesus,F,2000-02-01,DefaultRegion,DC
342,126137,Felix,Haynes,M,2003-01-13,DefaultRegion,Capitol
343,409492,Beatriz,Pugh,F,2011-02-13,DefaultRegion,DC
344,967793,Louisa,Wallace,F,2009-11-19,DefaultRegion,DC
345,937260,Martha,Schmidt,F,2009-03-28,DefaultRegion,DC
346,290034,Charmaine,Hawkins,F,2012-12-31,DefaultRegion,DC
347,273325,Jayne,Thomas,F,1981-03-05,DefaultRegion,DC
348,211129,Alphonse,Torres,M,2002-05-26,DefaultRegion,Capitol
349,673126,David,Meyer,M,2001-11-07,DefaultRegion,Capitol
350,615857,Clara,Harrington,F,2006-11-17,DefaultRegion,DC
351,251151,Harlan,Vaughan,M,1999-04-30,DefaultRegion,Capitol
352,232585,Wanda,Lester,F,1995-06-30,DefaultRegion,DC
353,237448,Keri,Buchanan,F,2009-04-09,DefaultRegion,DC
354,934912,Faye,Mercer,F,2005-12-01,DefaultRegion,DC
355,747004,Bennie,Melendez,M,1987-07-09,DefaultRegion,Capitol
356,497086,Scotty,Ellis,M,1994-08-05,DefaultRegion,Capitol
357,743314,Grady,Herman,M,1990-08-25,DefaultRegion,Capitol
358,570767,Eula,Aguirre,F,2002-04-08,DefaultRegion,DC
359,445556,Nita,Adams,F,2009-08-11,DefaultRegion,DC
360,273769,Scot,Faulkner,M,2001-05-25,DefaultRegion,Capitol
361,843879,Genevieve,Bradshaw,F,1990-11-10,DefaultRegion,DC
362,237902,Pasquale,Knight,M,1992-12-24,DefaultRegion,Capitol
363,180696,Sheri,Whitley,F,2012-08-05,DefaultRegion,DC
364,473773,Stacey,Workman,M,1994-04-23,DefaultRegion,Capitol
365,438094,Vonda,Johns,F,2006-08-22,DefaultRegion,DC
366,759226,Lakeisha,Bowman,F,1989-02-21,DefaultRegion,DC
367,476750,Ernestine,Lambert,F,2009-10-02,DefaultRegion,DC
368,403910,Naomi,Jacobs,F,2000-07-25,DefaultRegion,DC
369,226863,Clifton,Tyson,M,1993-07-08,DefaultRegion,Capitol
370,651910,Consuelo,Hamilton,F,2006-05-30,DefaultRegion,DC
371,341048,Maura,Delaney,F,1999-12-02,DefaultRegion,DC
372,454287,Silvia,Ortega,F,2001-04-01,DefaultRegion,DC
373,390973,Gilda,Dillon,F,1998-01-22,DefaultRegion,DC
374,570009,Mai,Jennings,F,2007-02-01,DefaultRegion,DC
375,454506,Cecilia,Dawson,F,1999-06-21,DefaultRegion,DC
376,504422,Damien,Middleton,M,1999-07-01,DefaultRegion,Capitol
377,941632,Fern,Burris,F,2003-11-02,DefaultRegion,DC
378,925954,Katy,Glass,F,2006-12-13,DefaultRegion,DC
379,585128,Nikki,Bean,F,2011-06-17,DefaultRegion,DC
380,191995,Sasha,Beard,F,2004-10-02,DefaultRegion,DC
381,955260,Rodger,Roach,M,1993-11-15,DefaultRegion,Capitol
382,327467,Erin,French,F,2012-08-10,DefaultRegion,DC
383,642418,Rosalind,Booth,F,1998-01-12,DefaultRegion,DC
384,461350,Joanna,Rodriquez,F,1987-10-28,DefaultRegion,DC
385,901588,Mariana,Mcneil,F,1984-02-18,DefaultRegion,DC
386,778415,Noreen,Bray,F,1988-03-26,DefaultRegion,DC
387,818352,Allie,Landry,F,2006-09-05,DefaultRegion,DC
388,636018,Janie,Cooke,F,2012-08-27,DefaultRegion,DC
389,712045,Shelia,Conrad,F,2001-05-13,DefaultRegion,DC
390,507999,Aida,Banks,F,2013-09-23,DefaultRegion,DC
391,770255,Lora,Wheeler,F,2012-10-31,DefaultRegion,DC
392,206695,Natalie,Ellison,F,2008-06-22,DefaultRegion,DC
393,557561,Kay,Travis,F,1994-08-20,DefaultRegion,DC
394,864516,Liliana,Donovan,F,2007-06-08,DefaultRegion,DC
395,743727,Elise,Kidd,F,1989-02-24,DefaultRegion,DC
396,205865,Tabitha,Baird,F,2002-01-01,DefaultRegion,DC
397,124923,Tina,Cabrera,F,1999-06-09,DefaultRegion,DC
398,274518,Kelsey,Brown,F,2009-11-29,DefaultRegion,DC
399,288568,Danny,Shaw,M,1997-08-14,DefaultRegion,Capitol
400,802355,Dena,Gomez,F,1999-05-12,DefaultRegion,DC
401,224106,Hershel,Cain,M,1986-04-06,DefaultRegion,Capitol
402,543320,Lawanda,Whitehead,F,2013-02-11,DefaultRegion,DC
403,838662,Sophia,Gregory,F,2012-11-03,DefaultRegion,DC
404,939556,Kurt,Oconnor,M,2002-03-12,DefaultRegion,Capitol
405,495659,Mallory,Pearson,F,1993-01-17,DefaultRegion,DC
406,630030,Louisa,Nelson,F,2005-09-30,DefaultRegion,DC
407,874431,Diego,Huffman,M,1998-03-03,DefaultRegion,Capitol
408,809793,Louisa,Ellison,F,2004-08-13,DefaultRegion,DC
409,228229,Ines,Dominguez,F,2010-01-27,DefaultRegion,DC
410,375190,Lance,Garza,M,2003-08-18,DefaultRegion,Capitol
411,532560,Belinda,Pace,F,2009-07-11,DefaultRegion,DC
412,768500,Jami,Golden,F,1985-01-21,DefaultRegion,DC
413,909541,Clement,Myers,M,1983-06-20,DefaultRegion,Capitol
414,140932,Clint,Gross,M,2000-05-21,DefaultRegion,Capitol
415,725731,Ofelia,Pickett,F,2013-05-25,DefaultRegion,DC
416,214985,Karina,Green,F,2006-01-12,DefaultRegion,DC
417,405156,Sam,Burris,M,1986-11-10,DefaultRegion,Capitol
418,249736,Lina,Shannon,F,2010-04-14,DefaultRegion,DC
419,672964,Catalina,Guthrie,F,2000-01-23,DefaultRegion,DC
420,240799,Nannie,Moon,F,2009-07-24,DefaultRegion,DC
421,845635,Bettie,Holman,F,2013-05-12,DefaultRegion,DC
422,682855,Corey,Edwards,M,1990-11-18,DefaultRegion,Capitol
423,229899,Violet,Lindsay,F,2013-05-19,DefaultRegion,DC
424,701561,Camille,Mullins,F,2001-07-12,DefaultRegion,DC
425,114862,Nicole,Rodriquez,F,2002-01-15,DefaultRegion,DC
426,574544,Kennith,Marquez,M,1994-08-01,DefaultRegion,Capitol
427,990758,Mae,Hurst,F,2010-02-19,DefaultRegion,DC
428,833424,Denver,Mann,M,1987-12-22,DefaultRegion,Capitol
429,864834,Milford,Dickerson,M,1999-12-03,DefaultRegion,Capitol
430,375051,Deana,Spencer,F,2000-10-09,DefaultRegion,DC
431,509810,Susanne,Joseph,F,1985-07-28,DefaultRegion,DC
432,625661,Cole,Spencer,M,2003-04-25,DefaultRegion,Capitol
433,678244,Trudy,Frazier,F,2007-04-02,DefaultRegion,DC
434,864339,Tania,May,F,1985-01-16,DefaultRegion,DC
435,606834,Nadia,Stokes,F,2005-10-03,DefaultRegion,DC
436,268942,Cody,Dillard,M,2001-05-09,DefaultRegion,Capitol
437,397241,Darla,Durham,F,2012-11-26,DefaultRegion,DC
438,717079,Helene,Franco,F,2002-01-07,DefaultRegion,DC
439,970841,Marva,Santiago,F,2012-08-06,DefaultRegion,DC
440,567269,Fay,Villarreal,F,2012-11-29,DefaultRegion,DC
441,896825,Erna,Tran,F,2009-11-18,DefaultRegion,DC
442,249410,Yvette,Rivers,F,2006-01-13,DefaultRegion,DC
443,311405,Christa,Wilkins,F,2011-05-15,DefaultRegion,DC
444,796832,Milton,Neal,M,2003-06-29,DefaultRegion,Capitol
445,312364,Sondra,Stephens,F,2001-01-24,DefaultRegion,DC
446,444670,Monte,Contreras,M,1998-10-19,DefaultRegion,Capitol
447,129405,Ismael,Ellis,M,2000-08-23,DefaultRegion,Capitol
448,328690,Leigh,Mccall,F,2008-07-27,DefaultRegion,DC
449,960091,Genaro,Stafford,M,2000-10-16,DefaultRegion,Capitol
450,563448,Lucy,Hinton,F,1998-12-23,DefaultRegion,DC
451,709899,Clair,Morris,M,1981-12-13,DefaultRegion,Capitol
452,415337,Frankie,Wiggins,F,1990-02-12,DefaultRegion,DC
453,795746,Angelique,Guy,F,2012-07-20,DefaultRegion,DC
454,224527,Tony,Weiss,M,1993-10-28,DefaultRegion,Capitol
455,492623,Aurora,Gray,F,1988-01-18,DefaultRegion,DC
456,589874,Manuela,Koch,F,2009-09-21,DefaultRegion,DC
457,476018,Jean,Mclean,F,2011-05-28,DefaultRegion,DC
458,228339,Barbra,Sutton,F,2012-09-28,DefaultRegion,DC
459,239118,Deann,Mccormick,F,1988-06-04,DefaultRegion,DC
460,125780,Reba,Browning,F,1993-10-22,DefaultRegion,DC
461,871827,Israel,Mccarthy,M,2001-01-11,DefaultRegion,Capitol
462,131361,Jerri,Douglas,F,1994-02-06,DefaultRegion,DC
463,417301,Carolyn,Butler,F,2006-03-27,DefaultRegion,DC
464,682104,Gracie,Stanley,F,2005-11-20,DefaultRegion,DC
465,928962,Joshua,Small,M,2001-08-20,DefaultRegion,Capitol
466,248088,Kristy,Jordan,F,2013-03-06,DefaultRegion,DC
467,899405,Rocco,Wall,M,1994-05-07,DefaultRegion,Capitol
468,521604,Erich,Goodman,M,1986-11-27,DefaultRegion,Capitol
469,209627,Willa,Hensley,F,2003-09-28,DefaultRegion,DC
470,642586,Reva,Morales,F,2011-03-13,DefaultRegion,DC
471,425289,Kristi,Monroe,F,2006-06-16,DefaultRegion,DC
472,956821,Benita,Duncan,F,1985-12-08,DefaultRegion,DC
473,906259,Juliana,Hines,F,2007-04-21,DefaultRegion,DC
474,327429,Mac,Mcleod,M,2003-06-14,DefaultRegion,Capitol
475,222563,Jeanette,Rivera,F,2002-05-22,DefaultRegion,DC
476,198476,Dillon,Dunn,M,1999-05-25,DefaultRegion,Capitol
477,957459,Caitlin,Mann,F,1990-09-29,DefaultRegion,DC
478,118109,Doris,Giles,F,2000-10-08,DefaultRegion,DC
479,147382,Hung,Witt,M,1998-07-25,DefaultRegion,Capitol
480,456816,Adele,Scott,F,2012-03-27,DefaultRegion,DC
481,779374,Dudley,Elliott,M,1996-04-01,DefaultRegion,Capitol
482,964222,Alana,Henderson,F,1987-11-17,DefaultRegion,DC
483,597006,Hazel,Case,F,1987-10-07,DefaultRegion,DC
484,498361,Elise,Zimmerman,F,2007-08-14,DefaultRegion,DC
485,186298,Luisa,Mcintyre,F,1992-07-19,DefaultRegion,DC
486,776211,Duane,Lowery,M,2003-06-29,DefaultRegion,Capitol
487,273427,Ilene,Head,F,2007-08-25,DefaultRegion,DC
488,862947,Benita,Mcgee,F,2005-05-16,DefaultRegion,DC
489,857324,Terra,Webb,F,2008-12-15,DefaultRegion,DC
490,661971,Emanuel,Nichols,M,1999-05-09,DefaultRegion,Capitol
491,537235,Cheryl,French,F,2012-09-09,DefaultRegion,DC
492,285184,Ginger,Palmer,F,2009-02-09,DefaultRegion,DC
493,873626,Sheri,Spears,F,2007-11-25,DefaultRegion,DC
494,247051,Alberta,Page,F,2010-08-17,DefaultRegion,DC
495,568435,Bonnie,Baker,F,2008-01-07,DefaultRegion,DC
496,359608,Eva,Holman,F,2001-02-20,DefaultRegion,DC
497,803426,Maritza,Christian,F,2012-03-15,DefaultRegion,DC
498,669618,Phyllis,Dudley,F,1980-01-17,DefaultRegion,DC
